ph,Hardness,Solids,Chloramines,Sulfate,Conductivity,Organic_carbon,Trihalomethanes,Turbidity
6.063354789891076,160.76731128492577,14775.14559575291,7.484103646670236,305.82855327870027,327.27023868075764,12.309015955365226,69.03845387066936,3.4673369148168574
,233.020133595047,27071.118618299,6.220936450835245,298.11264499527624,357.1196221086572,16.76894519552127,51.28440050032288,4.284878629001862
9.25285650898534,168.0407510677611,50279.262429338494,5.9050557942709885,415.4508100950871,400.0035891200178,11.949853845496136,62.2568812631832,3.3005858263579806
3.98903207830178,216.07613788740343,40175.206091417465,7.487422756527908,309.80079638709793,399.0471808706921,11.186738886754938,86.95746386587989,4.409414175563279
9.454119448104636,224.8171317663408,21379.963927406425,5.407691662106037,227.66563528463143,431.6130013390234,15.772333808298356,52.03384490115086,4.0586260103019
5.742533062882013,182.9410319739575,21293.8897542458,6.826412755635183,306.543071538394,435.2347265963338,11.144072238216324,68.61239104276989,4.272202758106124
4.037287739350788,291.4618973983503,52318.91729758968,7.779459314488093,,401.2042709521434,16.542921333834613,87.81480025951095,3.045048569942414
7.038092305552901,204.92328495649517,24607.088098483306,8.080155764252272,280.745622901738,365.8452480411531,10.80755684852744,59.9124420538001,4.237697607399104
6.775582812405084,218.4149289477376,17968.882775028047,8.254114831284221,,358.71767685985,10.520161452206253,57.24411099086844,4.333636278302867
,238.4095980755224,26493.07620652817,8.669944102585777,311.55367904139865,369.2838638747586,11.75993045445574,91.2392992027705,3.241267186661132
6.628427347390652,215.2455320998125,18059.33085188565,6.93178668550837,,374.4550617555522,11.621074296685151,77.94082202634827,3.4052786183334085
4.901906856012032,141.93078127421825,13614.750925469429,8.306960457626596,368.6186875689668,439.0553561851737,9.921623325469795,82.6601649179758,4.103534274020024
8.35263517558002,134.75051216758874,33662.389050318336,4.439791251197312,,397.1149717089917,14.42088193812549,55.58681500962776,3.939011353106868
7.721032687967833,203.3547883821459,35800.699273176404,7.683399375833114,312.91904442520746,424.9669947448051,18.092608300288305,96.44212931944313,4.168487101902514
,172.11151389557128,26595.373543009056,8.232252040872753,,348.8435756927591,7.877738513990096,93.30281601626304,3.5503111429393712
7.096047101005687,221.5082446290745,17240.021064750897,9.181472938087696,322.6168782642901,442.5435994770917,16.576200295556532,78.12209061536583,4.785637377933364
6.284248242254425,190.0176485856823,12206.681209872297,7.910711202319294,,395.2610633920007,13.2461395604044,58.92772621042984,3.377132288772658
9.58789502997377,195.837105153128,11351.86185617761,6.267475696262486,366.4289275690143,323.79486235142434,13.068242100406962,37.35308022042619,4.666916974276835
6.344095425001865,164.81720743858654,14973.29735702295,10.707015582959428,316.1444503912001,337.21944802335497,19.41169869977313,64.38496986536103,3.8434840157795422
9.177869865892433,163.2748282557015,20868.331218998803,7.726040434165082,320.4214321786778,426.9943931689402,10.214274603240654,62.430926156839874,3.1087699879134547
5.744504157048756,208.0700517880054,19457.639481105347,6.69394937956654,,362.0624897925361,15.60372925424997,82.31785396122956,3.5335001498780327
8.526169869777789,175.61283632174326,11837.12335960845,7.483708837987377,308.39851553828527,474.240482290634,21.84591625254205,52.37220110667482,5.083014141516923
9.619456625659463,210.2612466347067,18185.050473402072,7.939888575169222,,387.3302153702924,17.478161921593426,65.98950708354862,3.1731997673200087
5.801571267427695,201.8924736726692,15327.879723449309,6.8606473723156185,328.93258536876385,281.08503234854834,19.81248366998551,55.3975636525551,4.42537756358649
9.002583109651113,202.9907652715344,19523.12486468928,7.244753274494474,330.36151226896965,366.49172865989806,15.689404490512343,55.697399521310864,4.904837414733298
7.205559174588729,120.32761534360888,24627.867560468934,6.202469332114029,289.7686965533282,418.4332899200773,13.643147085869316,63.73373237019648,3.710053125679874
8.210357972710824,210.22211215667437,22619.239931021333,7.567987740013541,,361.6143910515657,14.650189687465286,70.36804879948356,3.716663875021242
,204.7372919371708,25680.71738836721,7.98019274322726,318.6772727355551,311.6355739249564,20.37683816788217,69.02052991972698,4.323784880397048
5.018045870383922,194.66816713135503,27317.09944429893,6.155483652519991,,313.47795930261015,10.407478803660013,85.68527247401492,5.035153706923996
9.30566048031861,163.92602653572033,39498.659289103256,6.914685302912404,325.8731338024803,345.6569351199438,12.71218694831191,62.47111473983207,4.485070146526452
9.318613915632229,317.33812405558257,24497.873935207102,7.597451675399671,357.1672167520999,476.5103844769183,12.032377106951742,68.59982978933556,4.642719286485374
7.420640789488351,212.735585316968,18463.72212677624,6.727918856969923,355.9714951598641,523.6027139514799,12.086675305338815,44.980101795335536,5.423767330031326
6.891561654773667,198.54464116651732,26240.49298150088,5.15386951765593,,436.927095743398,8.634318939146453,86.81022923905675,3.5619625718994854
6.548796520596996,205.1681610439848,13584.900245458712,3.777648006694034,,327.9673430235868,15.627514479204764,51.85036617441004,4.197305124934162
4.317187353941982,225.5145731412644,27163.4578756059,6.888135538142039,325.93367938915185,446.3413191739493,17.15294540979761,43.38591414316303,4.078277144763918
7.274212566762742,197.66094852031983,27198.43259077055,7.797840028172333,304.84997882356305,300.0199103361062,14.61160015060949,66.60889105705493,4.710256299762649
,155.67577693423152,52060.22680026684,2.577555273054553,365.0809632968772,323.0010364016669,14.166602358927037,48.25430719011197,2.0007570315103718
6.548020558130832,278.5851051769885,25508.38694882565,6.749377795488941,366.8715020205729,497.3217528000844,16.563166510560848,79.32367839549264,3.6118603716661046
7.174135162807995,203.4089346206224,20401.1024614714,7.681806287243673,287.0856791225615,315.5499000194935,14.533510036354244,74.40561602695702,3.939895656598684
8.635848718500734,203.3615225845705,13672.091763901635,4.563008685599703,303.3097711592812,474.6076449424485,12.36381669870525,62.79830896292516,4.401424715445482
,218.986406241385,9836.401847179895,7.064672494896746,328.72428899396186,386.3452474773828,15.547963572423782,57.32811605783707,3.837256627123341
7.278910903182803,135.25927247295698,22184.52703251262,7.156540539745273,357.9097951607645,480.143108594428,11.316001571498248,54.9439919588549,4.201577246628757
5.272156458908084,181.73287696977007,19015.46827486608,9.013016217643194,446.72401618621694,390.0120033463213,11.103466530373794,63.826010016872566,4.063825853972672
7.179864148534108,180.8542106109496,10859.55375155814,8.263503442433247,341.3024863096711,358.05626352455874,12.065316925324224,83.32991785643361,3.878447313763328
7.510943342127445,182.19284737661675,17100.887433380165,5.948784613313245,357.26573213528604,499.0950566296749,20.725805913345425,60.67093892759573,3.3424090536108357
6.380717315013499,266.015410306085,21250.935633712703,4.854334534222753,357.2410268323941,358.1854728641589,27.00670661116601,59.93778491907664,4.532019663169412
8.727778876323073,202.41950478059005,25521.889224175808,3.8302384224449897,326.9079235592875,461.95881193567845,16.611457873349252,104.37325014190674,3.831540450516013
7.122637439985312,183.4026481831804,31295.902409509665,4.425026226149565,,411.6160702743648,14.066057477821971,77.18579203760206,3.750446964802988
6.618186566692918,164.2545648416487,13776.621791774089,5.925462323451307,,315.1993932446135,12.08216871396644,61.47442286838712,3.79706786115003
8.927078148301744,241.87510504564688,22821.254376566587,8.54973827385147,367.97555785867627,380.1972000224397,10.859287278110344,75.8570678201616,4.60186095914794
7.714312671631406,191.69263971651105,19789.63607997825,7.856556902117845,340.3263143932337,377.9263683128556,18.917026715796226,58.69220411270067,4.425133970460173
8.891674050856766,184.869606190146,41801.44183689757,3.4095758357574946,337.04710819949133,461.0768210368309,13.715503928181365,42.07812210742334,4.522599229324436
7.833980482334359,203.1694080740336,11174.274760041037,6.246502454638379,394.89080921262985,338.2311222952338,16.27659187441759,47.93163884172695,4.254477177044036
9.519659984470318,204.08094513246093,17258.188354998932,6.154072581466943,310.71629355538414,395.6985381563546,17.061389471896575,44.27337877453159,3.99455613628636
6.931244178141836,207.5889534566365,24359.47041421294,7.222004281417241,313.8197130852326,477.06297483944144,16.495091950906897,75.04191395375867,4.89795711765109
8.646642950300487,201.439064518998,32571.05451770555,9.95935541759408,,338.4978145035637,13.261537968825564,66.22939447615568,3.3332426816293994
7.727421140658746,227.8427195642653,18767.941634604955,9.716908128728283,,328.8541690388659,8.233404553677929,66.6782137100115,4.601802090002829
5.1743459983462,234.32856907423485,11746.607522157146,6.961265386435571,314.9868004507202,407.1023016775681,13.771679971240076,36.18353587181301,3.689144992138577
4.923178856199699,208.4066729518673,15990.149227610937,5.648145717519176,349.6551749986112,404.4057627404978,11.403372215685351,84.52577496008485,3.329600783081267
6.394548022914309,193.04755784465576,31620.19078558264,7.065083740762097,,515.8063854323804,13.081881339181734,99.64069141400566,3.042496817945847
